class_id,start_year,end_year,techint_start_median,techint_end_median,techint_delta_median,positive_dA_share,p_hat_disc,q_hat_disc,q_pvalue_disc,r2_disc,fit_is_structurally_clean,anchor_retained
hardware,1995,2017,0.010087778653664222,0.025321661408040225,0.015233882754376003,0.633306645316253,0.033432930244100705,-0.06307282169767181,0.6089670154333274,0.001521945309327033,False,True
hybrid,1995,2017,0.02024964918066037,0.04033472192635808,0.020085072745697707,0.7224264705882353,0.04568883437651325,-0.09859668922048982,0.6777806867789219,0.0009202466188416025,False,True
software,1995,2017,0.06580062248938233,0.17519790428089382,0.1093972817915115,0.7140575079872205,0.19524151433878986,-0.6754551864449344,0.274776929918922,0.008879515042815478,False,True
