test_id,label,term,expected_sign,baseline_coef,baseline_se,baseline_pvalue,baseline_r2,standardized_beta,nobs,n_countries,n_sectors,placebo_pvalue,sign_stability_share,loo_sign_share,baseline_sign_pass,baseline_p_pass,placebo_pass,sign_stability_pass,loo_sign_pass,sample_pass,q_value,q_value_pass,survives_screen
I6,Temporary rent and competitive erosion,lag_margin,-1,-0.04195378619264663,0.0124153345745397,0.0007269949522432011,0.05015600375395057,-0.15256132148823462,1161,21,7,,1.0,1.0,True,True,True,True,True,True,0.003634974761216005,True,True
I8,Rising organic composition of capital,lag_d_techint,1,-4.628926209646174,2.035196363946801,0.022939716173204228,0.04407797136980951,-0.04344821972531895,1364,21,8,0.006846587019329047,0.0,0.0,False,True,False,False,False,True,0.05734929043301057,True,False
I6,Temporary rent and competitive erosion,lag_d_techint,1,-0.3355452610168272,0.2032530858269854,0.09876427950230811,0.05015600375395057,-0.05012654320753704,1161,21,7,0.011240628204708655,0.0,0.0,False,False,False,False,False,True,0.16460713250384684,False,False
I2,Labour share decline via task-displacing capital,lag_d_techint:rti,-1,1.1085475702098597,1.1744042536326602,0.34520883068200825,0.03728819990639254,0.032330629675961675,1093,17,8,0.9368462647812494,0.0,0.0,False,False,True,False,False,True,0.4315110383525103,False,False
I3,Employment polarization and compression,lag_d_techint:rti,-1,-0.0034368814831660585,0.02684023019131958,0.8981096990518691,0.2485972515473479,-0.0011454935908324151,1093,17,8,0.5813406222512665,0.8,0.8666666666666667,True,False,True,True,True,True,0.898109699051869,False,False
