{
  "year": 2024,
  "n_sectors": 10,
  "total_va_bn_rub": 123014.61536253447,
  "total_fot_bn_rub": 52914.67938516,
  "weighted_labour_share_2024": 0.43014953328282146,
  "weighted_labour_share_core": 0.3445028175703956,
  "weighted_labour_share_stress": 0.3019707440144291,
  "delta_fot_core_bn_rub": -10535.797790428409,
  "delta_fot_stress_bn_rub": -15767.864459486653,
  "delta_emp_eq_core_thousand": -8656.531770412712,
  "delta_emp_eq_stress_thousand": -13048.188659444486,
  "margin_erosion_speed": 0.0419537861926466,
  "margin_half_life_years": 16.172634419873937,
  "margin_pulse_retention_5y": 0.8071091938817923,
  "margin_pulse_retention_10y": 0.6514252508485165
}