{
  "year": 2024,
  "n_sectors": 10,
  "total_va_bn_rub": 123014.61536253447,
  "total_fot_bn_rub": 52914.67938516,
  "weighted_labour_share_2024": 0.43014953328282146,
  "weighted_labour_share_core": 0.3357527329267761,
  "weighted_labour_share_stress": 0.2844705747271901,
  "delta_fot_core_bn_rub": -11612.186087252878,
  "delta_fot_stress_bn_rub": -17920.641053135587,
  "delta_emp_eq_core_thousand": -9818.678600715046,
  "delta_emp_eq_stress_thousand": -15372.482320049154,
  "margin_erosion_speed": 0.0419537861926466,
  "margin_half_life_years": 16.172634419873937,
  "margin_pulse_retention_5y": 0.8071091938817923,
  "margin_pulse_retention_10y": 0.6514252508485165
}