{
  "year": 2024,
  "n_sectors": 8,
  "total_va_bn_rub": 100869.94831193186,
  "total_fot_bn_rub": 40427.8371696,
  "weighted_labour_share_2024": 0.40079169114452506,
  "weighted_labour_share_core": 0.3185264902600861,
  "weighted_labour_share_stress": 0.2782510227464109,
  "delta_fot_core_bn_rub": -8298.086561084048,
  "delta_fot_stress_bn_rub": -12360.67088742736,
  "delta_emp_eq_core_thousand": -6277.025912446449,
  "delta_emp_eq_stress_thousand": -9418.35337825385,
  "margin_erosion_speed": 0.0419537861926466,
  "margin_half_life_years": 16.172634419873937,
  "margin_pulse_retention_5y": 0.8071091938817923,
  "margin_pulse_retention_10y": 0.6514252508485165
}